{
	"partitions" : [
		{
			"name" : "Top",
			"pins" : [
				{
					"name" : "NOT_gate_a",
					"strict" : false
				},
				{
					"name" : "NOT_gate_b",
					"strict" : false
				},
				{
					"name" : "AND_gate",
					"strict" : false
				},
				{
					"name" : "OR_gate",
					"strict" : false
				},
				{
					"name" : "NAND_gate",
					"strict" : false
				},
				{
					"name" : "NOR_gate",
					"strict" : false
				},
				{
					"name" : "XOR_gate",
					"strict" : false
				},
				{
					"name" : "XNOR_gate",
					"strict" : false
				},
				{
					"name" : "a",
					"strict" : false
				},
				{
					"name" : "b",
					"strict" : false
				}
			]
		}
	]
}