{
	"partitions" : [
		{
			"name" : "Top",
			"pins" : [
				{
					"name" : "led1[0]",
					"strict" : false
				},
				{
					"name" : "led1[1]",
					"strict" : false
				},
				{
					"name" : "led1[2]",
					"strict" : false
				},
				{
					"name" : "led1[3]",
					"strict" : false
				},
				{
					"name" : "led1[4]",
					"strict" : false
				},
				{
					"name" : "led1[5]",
					"strict" : false
				},
				{
					"name" : "led1[6]",
					"strict" : false
				},
				{
					"name" : "led2[0]",
					"strict" : false
				},
				{
					"name" : "led2[1]",
					"strict" : false
				},
				{
					"name" : "led2[2]",
					"strict" : false
				},
				{
					"name" : "led2[3]",
					"strict" : false
				},
				{
					"name" : "led2[4]",
					"strict" : false
				},
				{
					"name" : "led2[5]",
					"strict" : false
				},
				{
					"name" : "led2[6]",
					"strict" : false
				},
				{
					"name" : "switches1[0]",
					"strict" : false
				},
				{
					"name" : "switches1[1]",
					"strict" : false
				},
				{
					"name" : "switches1[2]",
					"strict" : false
				},
				{
					"name" : "switches1[3]",
					"strict" : false
				},
				{
					"name" : "switches2[0]",
					"strict" : false
				},
				{
					"name" : "switches2[1]",
					"strict" : false
				},
				{
					"name" : "switches2[2]",
					"strict" : false
				},
				{
					"name" : "switches2[3]",
					"strict" : false
				}
			]
		}
	]
}