{
	"partitions" : [
		{
			"name" : "Top",
			"pins" : [
				{
					"name" : "ssd[3][0]",
					"strict" : false
				},
				{
					"name" : "ssd[3][1]",
					"strict" : false
				},
				{
					"name" : "ssd[3][2]",
					"strict" : false
				},
				{
					"name" : "ssd[3][3]",
					"strict" : false
				},
				{
					"name" : "ssd[3][4]",
					"strict" : false
				},
				{
					"name" : "ssd[3][5]",
					"strict" : false
				},
				{
					"name" : "ssd[3][6]",
					"strict" : false
				},
				{
					"name" : "ssd[3][7]",
					"strict" : false
				},
				{
					"name" : "ssd[2][0]",
					"strict" : false
				},
				{
					"name" : "ssd[2][1]",
					"strict" : false
				},
				{
					"name" : "ssd[2][2]",
					"strict" : false
				},
				{
					"name" : "ssd[2][3]",
					"strict" : false
				},
				{
					"name" : "ssd[2][4]",
					"strict" : false
				},
				{
					"name" : "ssd[2][5]",
					"strict" : false
				},
				{
					"name" : "ssd[2][6]",
					"strict" : false
				},
				{
					"name" : "ssd[2][7]",
					"strict" : false
				},
				{
					"name" : "ssd[1][0]",
					"strict" : false
				},
				{
					"name" : "ssd[1][1]",
					"strict" : false
				},
				{
					"name" : "ssd[1][2]",
					"strict" : false
				},
				{
					"name" : "ssd[1][3]",
					"strict" : false
				},
				{
					"name" : "ssd[1][4]",
					"strict" : false
				},
				{
					"name" : "ssd[1][5]",
					"strict" : false
				},
				{
					"name" : "ssd[1][6]",
					"strict" : false
				},
				{
					"name" : "ssd[1][7]",
					"strict" : false
				},
				{
					"name" : "ssd[0][0]",
					"strict" : false
				},
				{
					"name" : "ssd[0][1]",
					"strict" : false
				},
				{
					"name" : "ssd[0][2]",
					"strict" : false
				},
				{
					"name" : "ssd[0][3]",
					"strict" : false
				},
				{
					"name" : "ssd[0][4]",
					"strict" : false
				},
				{
					"name" : "ssd[0][5]",
					"strict" : false
				},
				{
					"name" : "ssd[0][6]",
					"strict" : false
				},
				{
					"name" : "ssd[0][7]",
					"strict" : false
				},
				{
					"name" : "clk",
					"strict" : false
				},
				{
					"name" : "reseta",
					"strict" : false
				},
				{
					"name" : "ativa",
					"strict" : false
				},
				{
					"name" : "valordiferente",
					"strict" : false
				}
			]
		}
	]
}